,source,target,film,year,studio
0,John Lasseter,Pete Docter,ToyStory,1995,pixar
1,John Lasseter,Andrew Stanton,ToyStory,1995,pixar
2,John Lasseter,Joe Ranft,ToyStory,1995,pixar
3,John Lasseter,Joss Whedon,ToyStory,1995,pixar
4,John Lasseter,Joel Cohen,ToyStory,1995,pixar
5,John Lasseter,Alec Sokolow,ToyStory,1995,pixar
6,John Lasseter,Bonnie Arnold,ToyStory,1995,pixar
7,John Lasseter,Ed Catmull,ToyStory,1995,pixar
8,John Lasseter,Ralph Guggenheim,ToyStory,1995,pixar
9,John Lasseter,Steve Jobs,ToyStory,1995,pixar
10,Pete Docter,Andrew Stanton,ToyStory,1995,pixar
11,Pete Docter,Joe Ranft,ToyStory,1995,pixar
12,Pete Docter,Joss Whedon,ToyStory,1995,pixar
13,Pete Docter,Joel Cohen,ToyStory,1995,pixar
14,Pete Docter,Alec Sokolow,ToyStory,1995,pixar
15,Pete Docter,Bonnie Arnold,ToyStory,1995,pixar
16,Pete Docter,Ed Catmull,ToyStory,1995,pixar
17,Pete Docter,Ralph Guggenheim,ToyStory,1995,pixar
18,Pete Docter,Steve Jobs,ToyStory,1995,pixar
19,Andrew Stanton,Joe Ranft,ToyStory,1995,pixar
20,Andrew Stanton,Joss Whedon,ToyStory,1995,pixar
21,Andrew Stanton,Joel Cohen,ToyStory,1995,pixar
22,Andrew Stanton,Alec Sokolow,ToyStory,1995,pixar
23,Andrew Stanton,Bonnie Arnold,ToyStory,1995,pixar
24,Andrew Stanton,Ed Catmull,ToyStory,1995,pixar
25,Andrew Stanton,Ralph Guggenheim,ToyStory,1995,pixar
26,Andrew Stanton,Steve Jobs,ToyStory,1995,pixar
27,Joe Ranft,Joss Whedon,ToyStory,1995,pixar
28,Joe Ranft,Joel Cohen,ToyStory,1995,pixar
29,Joe Ranft,Alec Sokolow,ToyStory,1995,pixar
30,Joe Ranft,Bonnie Arnold,ToyStory,1995,pixar
31,Joe Ranft,Ed Catmull,ToyStory,1995,pixar
32,Joe Ranft,Ralph Guggenheim,ToyStory,1995,pixar
33,Joe Ranft,Steve Jobs,ToyStory,1995,pixar
34,Joss Whedon,Joel Cohen,ToyStory,1995,pixar
35,Joss Whedon,Alec Sokolow,ToyStory,1995,pixar
36,Joss Whedon,Bonnie Arnold,ToyStory,1995,pixar
37,Joss Whedon,Ed Catmull,ToyStory,1995,pixar
38,Joss Whedon,Ralph Guggenheim,ToyStory,1995,pixar
39,Joss Whedon,Steve Jobs,ToyStory,1995,pixar
40,Joel Cohen,Alec Sokolow,ToyStory,1995,pixar
41,Joel Cohen,Bonnie Arnold,ToyStory,1995,pixar
42,Joel Cohen,Ed Catmull,ToyStory,1995,pixar
43,Joel Cohen,Ralph Guggenheim,ToyStory,1995,pixar
44,Joel Cohen,Steve Jobs,ToyStory,1995,pixar
45,Alec Sokolow,Bonnie Arnold,ToyStory,1995,pixar
46,Alec Sokolow,Ed Catmull,ToyStory,1995,pixar
47,Alec Sokolow,Ralph Guggenheim,ToyStory,1995,pixar
48,Alec Sokolow,Steve Jobs,ToyStory,1995,pixar
49,Bonnie Arnold,Ed Catmull,ToyStory,1995,pixar
50,Bonnie Arnold,Ralph Guggenheim,ToyStory,1995,pixar
51,Bonnie Arnold,Steve Jobs,ToyStory,1995,pixar
52,Ed Catmull,Ralph Guggenheim,ToyStory,1995,pixar
53,Ed Catmull,Steve Jobs,ToyStory,1995,pixar
54,Ralph Guggenheim,Steve Jobs,ToyStory,1995,pixar
0,John Lasseter,Andrew Stanton,BugsLife,1998,pixar
1,John Lasseter,Joe Ranft,BugsLife,1998,pixar
2,John Lasseter,Don McEnery,BugsLife,1998,pixar
3,John Lasseter,Bob Shaw,BugsLife,1998,pixar
4,John Lasseter,Darla K. Anderson,BugsLife,1998,pixar
5,John Lasseter,Kevin Reher,BugsLife,1998,pixar
6,Andrew Stanton,Joe Ranft,BugsLife,1998,pixar
7,Andrew Stanton,Don McEnery,BugsLife,1998,pixar
8,Andrew Stanton,Bob Shaw,BugsLife,1998,pixar
9,Andrew Stanton,Darla K. Anderson,BugsLife,1998,pixar
10,Andrew Stanton,Kevin Reher,BugsLife,1998,pixar
11,Joe Ranft,Don McEnery,BugsLife,1998,pixar
12,Joe Ranft,Bob Shaw,BugsLife,1998,pixar
13,Joe Ranft,Darla K. Anderson,BugsLife,1998,pixar
14,Joe Ranft,Kevin Reher,BugsLife,1998,pixar
15,Don McEnery,Bob Shaw,BugsLife,1998,pixar
16,Don McEnery,Darla K. Anderson,BugsLife,1998,pixar
17,Don McEnery,Kevin Reher,BugsLife,1998,pixar
18,Bob Shaw,Darla K. Anderson,BugsLife,1998,pixar
19,Bob Shaw,Kevin Reher,BugsLife,1998,pixar
20,Darla K. Anderson,Kevin Reher,BugsLife,1998,pixar
0,John Lasseter,Ash Brannon,ToyStory2,1999,pixar
1,John Lasseter,Lee Unkrich,ToyStory2,1999,pixar
2,John Lasseter,Pete Docter,ToyStory2,1999,pixar
3,John Lasseter,Andrew Stanton,ToyStory2,1999,pixar
4,John Lasseter,Rita Hsiao,ToyStory2,1999,pixar
5,John Lasseter,Doug Chamberlin,ToyStory2,1999,pixar
6,John Lasseter,Chris Webb,ToyStory2,1999,pixar
7,John Lasseter,Karen Robert Jackson,ToyStory2,1999,pixar
8,John Lasseter,Sarah McArthur,ToyStory2,1999,pixar
9,John Lasseter,Helene Plotkin,ToyStory2,1999,pixar
10,Ash Brannon,Lee Unkrich,ToyStory2,1999,pixar
11,Ash Brannon,Pete Docter,ToyStory2,1999,pixar
12,Ash Brannon,Andrew Stanton,ToyStory2,1999,pixar
13,Ash Brannon,Rita Hsiao,ToyStory2,1999,pixar
14,Ash Brannon,Doug Chamberlin,ToyStory2,1999,pixar
15,Ash Brannon,Chris Webb,ToyStory2,1999,pixar
16,Ash Brannon,Karen Robert Jackson,ToyStory2,1999,pixar
17,Ash Brannon,Sarah McArthur,ToyStory2,1999,pixar
18,Ash Brannon,Helene Plotkin,ToyStory2,1999,pixar
19,Lee Unkrich,Pete Docter,ToyStory2,1999,pixar
20,Lee Unkrich,Andrew Stanton,ToyStory2,1999,pixar
21,Lee Unkrich,Rita Hsiao,ToyStory2,1999,pixar
22,Lee Unkrich,Doug Chamberlin,ToyStory2,1999,pixar
23,Lee Unkrich,Chris Webb,ToyStory2,1999,pixar
24,Lee Unkrich,Karen Robert Jackson,ToyStory2,1999,pixar
25,Lee Unkrich,Sarah McArthur,ToyStory2,1999,pixar
26,Lee Unkrich,Helene Plotkin,ToyStory2,1999,pixar
27,Pete Docter,Andrew Stanton,ToyStory2,1999,pixar
28,Pete Docter,Rita Hsiao,ToyStory2,1999,pixar
29,Pete Docter,Doug Chamberlin,ToyStory2,1999,pixar
30,Pete Docter,Chris Webb,ToyStory2,1999,pixar
31,Pete Docter,Karen Robert Jackson,ToyStory2,1999,pixar
32,Pete Docter,Sarah McArthur,ToyStory2,1999,pixar
33,Pete Docter,Helene Plotkin,ToyStory2,1999,pixar
34,Andrew Stanton,Rita Hsiao,ToyStory2,1999,pixar
35,Andrew Stanton,Doug Chamberlin,ToyStory2,1999,pixar
36,Andrew Stanton,Chris Webb,ToyStory2,1999,pixar
37,Andrew Stanton,Karen Robert Jackson,ToyStory2,1999,pixar
38,Andrew Stanton,Sarah McArthur,ToyStory2,1999,pixar
39,Andrew Stanton,Helene Plotkin,ToyStory2,1999,pixar
40,Rita Hsiao,Doug Chamberlin,ToyStory2,1999,pixar
41,Rita Hsiao,Chris Webb,ToyStory2,1999,pixar
42,Rita Hsiao,Karen Robert Jackson,ToyStory2,1999,pixar
43,Rita Hsiao,Sarah McArthur,ToyStory2,1999,pixar
44,Rita Hsiao,Helene Plotkin,ToyStory2,1999,pixar
45,Doug Chamberlin,Chris Webb,ToyStory2,1999,pixar
46,Doug Chamberlin,Karen Robert Jackson,ToyStory2,1999,pixar
47,Doug Chamberlin,Sarah McArthur,ToyStory2,1999,pixar
48,Doug Chamberlin,Helene Plotkin,ToyStory2,1999,pixar
49,Chris Webb,Karen Robert Jackson,ToyStory2,1999,pixar
50,Chris Webb,Sarah McArthur,ToyStory2,1999,pixar
51,Chris Webb,Helene Plotkin,ToyStory2,1999,pixar
52,Karen Robert Jackson,Sarah McArthur,ToyStory2,1999,pixar
53,Karen Robert Jackson,Helene Plotkin,ToyStory2,1999,pixar
54,Sarah McArthur,Helene Plotkin,ToyStory2,1999,pixar
0,Pete Docter,David Silverman,MonsterInc,2001,pixar
1,Pete Docter,Lee Unkrich,MonsterInc,2001,pixar
2,Pete Docter,Jill Culton,MonsterInc,2001,pixar
3,Pete Docter,Jeff Pidgeon,MonsterInc,2001,pixar
4,Pete Docter,Ralph Eggleston,MonsterInc,2001,pixar
5,Pete Docter,Andrew Stanton,MonsterInc,2001,pixar
6,Pete Docter,Daniel Gerson,MonsterInc,2001,pixar
7,Pete Docter,Bob Peterson,MonsterInc,2001,pixar
8,Pete Docter,Joe Ranft,MonsterInc,2001,pixar
9,Pete Docter,Robert L. Baird,MonsterInc,2001,pixar
10,Pete Docter,Rhett Reese,MonsterInc,2001,pixar
11,Pete Docter,Jonathan Roberts,MonsterInc,2001,pixar
12,Pete Docter,Darla K. Anderson,MonsterInc,2001,pixar
13,Pete Docter,Karen Dufilho-Rosen,MonsterInc,2001,pixar
14,Pete Docter,John Lasseter,MonsterInc,2001,pixar
15,Pete Docter,Kori Rae,MonsterInc,2001,pixar
16,David Silverman,Lee Unkrich,MonsterInc,2001,pixar
17,David Silverman,Jill Culton,MonsterInc,2001,pixar
18,David Silverman,Jeff Pidgeon,MonsterInc,2001,pixar
19,David Silverman,Ralph Eggleston,MonsterInc,2001,pixar
20,David Silverman,Andrew Stanton,MonsterInc,2001,pixar
21,David Silverman,Daniel Gerson,MonsterInc,2001,pixar
22,David Silverman,Bob Peterson,MonsterInc,2001,pixar
23,David Silverman,Joe Ranft,MonsterInc,2001,pixar
24,David Silverman,Robert L. Baird,MonsterInc,2001,pixar
25,David Silverman,Rhett Reese,MonsterInc,2001,pixar
26,David Silverman,Jonathan Roberts,MonsterInc,2001,pixar
27,David Silverman,Darla K. Anderson,MonsterInc,2001,pixar
28,David Silverman,Karen Dufilho-Rosen,MonsterInc,2001,pixar
29,David Silverman,John Lasseter,MonsterInc,2001,pixar
30,David Silverman,Kori Rae,MonsterInc,2001,pixar
31,Lee Unkrich,Jill Culton,MonsterInc,2001,pixar
32,Lee Unkrich,Jeff Pidgeon,MonsterInc,2001,pixar
33,Lee Unkrich,Ralph Eggleston,MonsterInc,2001,pixar
34,Lee Unkrich,Andrew Stanton,MonsterInc,2001,pixar
35,Lee Unkrich,Daniel Gerson,MonsterInc,2001,pixar
36,Lee Unkrich,Bob Peterson,MonsterInc,2001,pixar
37,Lee Unkrich,Joe Ranft,MonsterInc,2001,pixar
38,Lee Unkrich,Robert L. Baird,MonsterInc,2001,pixar
39,Lee Unkrich,Rhett Reese,MonsterInc,2001,pixar
40,Lee Unkrich,Jonathan Roberts,MonsterInc,2001,pixar
41,Lee Unkrich,Darla K. Anderson,MonsterInc,2001,pixar
42,Lee Unkrich,Karen Dufilho-Rosen,MonsterInc,2001,pixar
43,Lee Unkrich,John Lasseter,MonsterInc,2001,pixar
44,Lee Unkrich,Kori Rae,MonsterInc,2001,pixar
45,Jill Culton,Jeff Pidgeon,MonsterInc,2001,pixar
46,Jill Culton,Ralph Eggleston,MonsterInc,2001,pixar
47,Jill Culton,Andrew Stanton,MonsterInc,2001,pixar
48,Jill Culton,Daniel Gerson,MonsterInc,2001,pixar
49,Jill Culton,Bob Peterson,MonsterInc,2001,pixar
50,Jill Culton,Joe Ranft,MonsterInc,2001,pixar
51,Jill Culton,Robert L. Baird,MonsterInc,2001,pixar
52,Jill Culton,Rhett Reese,MonsterInc,2001,pixar
53,Jill Culton,Jonathan Roberts,MonsterInc,2001,pixar
54,Jill Culton,Darla K. Anderson,MonsterInc,2001,pixar
55,Jill Culton,Karen Dufilho-Rosen,MonsterInc,2001,pixar
56,Jill Culton,John Lasseter,MonsterInc,2001,pixar
57,Jill Culton,Kori Rae,MonsterInc,2001,pixar
58,Jeff Pidgeon,Ralph Eggleston,MonsterInc,2001,pixar
59,Jeff Pidgeon,Andrew Stanton,MonsterInc,2001,pixar
60,Jeff Pidgeon,Daniel Gerson,MonsterInc,2001,pixar
61,Jeff Pidgeon,Bob Peterson,MonsterInc,2001,pixar
62,Jeff Pidgeon,Joe Ranft,MonsterInc,2001,pixar
63,Jeff Pidgeon,Robert L. Baird,MonsterInc,2001,pixar
64,Jeff Pidgeon,Rhett Reese,MonsterInc,2001,pixar
65,Jeff Pidgeon,Jonathan Roberts,MonsterInc,2001,pixar
66,Jeff Pidgeon,Darla K. Anderson,MonsterInc,2001,pixar
67,Jeff Pidgeon,Karen Dufilho-Rosen,MonsterInc,2001,pixar
68,Jeff Pidgeon,John Lasseter,MonsterInc,2001,pixar
69,Jeff Pidgeon,Kori Rae,MonsterInc,2001,pixar
70,Ralph Eggleston,Andrew Stanton,MonsterInc,2001,pixar
71,Ralph Eggleston,Daniel Gerson,MonsterInc,2001,pixar
72,Ralph Eggleston,Bob Peterson,MonsterInc,2001,pixar
73,Ralph Eggleston,Joe Ranft,MonsterInc,2001,pixar
74,Ralph Eggleston,Robert L. Baird,MonsterInc,2001,pixar
75,Ralph Eggleston,Rhett Reese,MonsterInc,2001,pixar
76,Ralph Eggleston,Jonathan Roberts,MonsterInc,2001,pixar
77,Ralph Eggleston,Darla K. Anderson,MonsterInc,2001,pixar
78,Ralph Eggleston,Karen Dufilho-Rosen,MonsterInc,2001,pixar
79,Ralph Eggleston,John Lasseter,MonsterInc,2001,pixar
80,Ralph Eggleston,Kori Rae,MonsterInc,2001,pixar
81,Andrew Stanton,Daniel Gerson,MonsterInc,2001,pixar
82,Andrew Stanton,Bob Peterson,MonsterInc,2001,pixar
83,Andrew Stanton,Joe Ranft,MonsterInc,2001,pixar
84,Andrew Stanton,Robert L. Baird,MonsterInc,2001,pixar
85,Andrew Stanton,Rhett Reese,MonsterInc,2001,pixar
86,Andrew Stanton,Jonathan Roberts,MonsterInc,2001,pixar
87,Andrew Stanton,Darla K. Anderson,MonsterInc,2001,pixar
88,Andrew Stanton,Karen Dufilho-Rosen,MonsterInc,2001,pixar
89,Andrew Stanton,John Lasseter,MonsterInc,2001,pixar
90,Andrew Stanton,Kori Rae,MonsterInc,2001,pixar
91,Daniel Gerson,Bob Peterson,MonsterInc,2001,pixar
92,Daniel Gerson,Joe Ranft,MonsterInc,2001,pixar
93,Daniel Gerson,Robert L. Baird,MonsterInc,2001,pixar
94,Daniel Gerson,Rhett Reese,MonsterInc,2001,pixar
95,Daniel Gerson,Jonathan Roberts,MonsterInc,2001,pixar
96,Daniel Gerson,Darla K. Anderson,MonsterInc,2001,pixar
97,Daniel Gerson,Karen Dufilho-Rosen,MonsterInc,2001,pixar
98,Daniel Gerson,John Lasseter,MonsterInc,2001,pixar
99,Daniel Gerson,Kori Rae,MonsterInc,2001,pixar
100,Bob Peterson,Joe Ranft,MonsterInc,2001,pixar
101,Bob Peterson,Robert L. Baird,MonsterInc,2001,pixar
102,Bob Peterson,Rhett Reese,MonsterInc,2001,pixar
103,Bob Peterson,Jonathan Roberts,MonsterInc,2001,pixar
104,Bob Peterson,Darla K. Anderson,MonsterInc,2001,pixar
105,Bob Peterson,Karen Dufilho-Rosen,MonsterInc,2001,pixar
106,Bob Peterson,John Lasseter,MonsterInc,2001,pixar
107,Bob Peterson,Kori Rae,MonsterInc,2001,pixar
108,Joe Ranft,Robert L. Baird,MonsterInc,2001,pixar
109,Joe Ranft,Rhett Reese,MonsterInc,2001,pixar
110,Joe Ranft,Jonathan Roberts,MonsterInc,2001,pixar
111,Joe Ranft,Darla K. Anderson,MonsterInc,2001,pixar
112,Joe Ranft,Karen Dufilho-Rosen,MonsterInc,2001,pixar
113,Joe Ranft,John Lasseter,MonsterInc,2001,pixar
114,Joe Ranft,Kori Rae,MonsterInc,2001,pixar
115,Robert L. Baird,Rhett Reese,MonsterInc,2001,pixar
116,Robert L. Baird,Jonathan Roberts,MonsterInc,2001,pixar
117,Robert L. Baird,Darla K. Anderson,MonsterInc,2001,pixar
118,Robert L. Baird,Karen Dufilho-Rosen,MonsterInc,2001,pixar
119,Robert L. Baird,John Lasseter,MonsterInc,2001,pixar
120,Robert L. Baird,Kori Rae,MonsterInc,2001,pixar
121,Rhett Reese,Jonathan Roberts,MonsterInc,2001,pixar
122,Rhett Reese,Darla K. Anderson,MonsterInc,2001,pixar
123,Rhett Reese,Karen Dufilho-Rosen,MonsterInc,2001,pixar
124,Rhett Reese,John Lasseter,MonsterInc,2001,pixar
125,Rhett Reese,Kori Rae,MonsterInc,2001,pixar
126,Jonathan Roberts,Darla K. Anderson,MonsterInc,2001,pixar
127,Jonathan Roberts,Karen Dufilho-Rosen,MonsterInc,2001,pixar
128,Jonathan Roberts,John Lasseter,MonsterInc,2001,pixar
129,Jonathan Roberts,Kori Rae,MonsterInc,2001,pixar
130,Darla K. Anderson,Karen Dufilho-Rosen,MonsterInc,2001,pixar
131,Darla K. Anderson,John Lasseter,MonsterInc,2001,pixar
132,Darla K. Anderson,Kori Rae,MonsterInc,2001,pixar
133,Karen Dufilho-Rosen,John Lasseter,MonsterInc,2001,pixar
134,Karen Dufilho-Rosen,Kori Rae,MonsterInc,2001,pixar
135,John Lasseter,Kori Rae,MonsterInc,2001,pixar
0,Andrew Stanton,Lee Unkrich,FindNemo,2003,pixar
1,Andrew Stanton,Bob Peterson,FindNemo,2003,pixar
2,Andrew Stanton,David Reynolds,FindNemo,2003,pixar
3,Andrew Stanton,Jinko Gotoh,FindNemo,2003,pixar
4,Andrew Stanton,John Lasseter,FindNemo,2003,pixar
5,Andrew Stanton,Bradford Lewis,FindNemo,2003,pixar
6,Andrew Stanton,Graham Walters,FindNemo,2003,pixar
7,Lee Unkrich,Bob Peterson,FindNemo,2003,pixar
8,Lee Unkrich,David Reynolds,FindNemo,2003,pixar
9,Lee Unkrich,Jinko Gotoh,FindNemo,2003,pixar
10,Lee Unkrich,John Lasseter,FindNemo,2003,pixar
11,Lee Unkrich,Bradford Lewis,FindNemo,2003,pixar
12,Lee Unkrich,Graham Walters,FindNemo,2003,pixar
13,Bob Peterson,David Reynolds,FindNemo,2003,pixar
14,Bob Peterson,Jinko Gotoh,FindNemo,2003,pixar
15,Bob Peterson,John Lasseter,FindNemo,2003,pixar
16,Bob Peterson,Bradford Lewis,FindNemo,2003,pixar
17,Bob Peterson,Graham Walters,FindNemo,2003,pixar
18,David Reynolds,Jinko Gotoh,FindNemo,2003,pixar
19,David Reynolds,John Lasseter,FindNemo,2003,pixar
20,David Reynolds,Bradford Lewis,FindNemo,2003,pixar
21,David Reynolds,Graham Walters,FindNemo,2003,pixar
22,Jinko Gotoh,John Lasseter,FindNemo,2003,pixar
23,Jinko Gotoh,Bradford Lewis,FindNemo,2003,pixar
24,Jinko Gotoh,Graham Walters,FindNemo,2003,pixar
25,John Lasseter,Bradford Lewis,FindNemo,2003,pixar
26,John Lasseter,Graham Walters,FindNemo,2003,pixar
27,Bradford Lewis,Graham Walters,FindNemo,2003,pixar
0,Brad Bird,John Lasseter,Incred,2004,pixar
1,Brad Bird,Kori Rae,Incred,2004,pixar
2,Brad Bird,Katherine Sarafian,Incred,2004,pixar
3,Brad Bird,John Walker,Incred,2004,pixar
4,John Lasseter,Kori Rae,Incred,2004,pixar
5,John Lasseter,Katherine Sarafian,Incred,2004,pixar
6,John Lasseter,John Walker,Incred,2004,pixar
7,Kori Rae,Katherine Sarafian,Incred,2004,pixar
8,Kori Rae,John Walker,Incred,2004,pixar
9,Katherine Sarafian,John Walker,Incred,2004,pixar
0,John Lasseter,Joe Ranft,Cars,2006,pixar
1,John Lasseter,Jorgen Klubien,Cars,2006,pixar
2,John Lasseter,Dan Fogelman,Cars,2006,pixar
3,John Lasseter,Kiel Murray,Cars,2006,pixar
4,John Lasseter,Phil Lorin,Cars,2006,pixar
5,John Lasseter,Steve Purcell,Cars,2006,pixar
6,John Lasseter,Darla K. Anderson,Cars,2006,pixar
7,John Lasseter,Thomas Porter,Cars,2006,pixar
8,Joe Ranft,Jorgen Klubien,Cars,2006,pixar
9,Joe Ranft,Dan Fogelman,Cars,2006,pixar
10,Joe Ranft,Kiel Murray,Cars,2006,pixar
11,Joe Ranft,Phil Lorin,Cars,2006,pixar
12,Joe Ranft,Steve Purcell,Cars,2006,pixar
13,Joe Ranft,Darla K. Anderson,Cars,2006,pixar
14,Joe Ranft,Thomas Porter,Cars,2006,pixar
15,Jorgen Klubien,Dan Fogelman,Cars,2006,pixar
16,Jorgen Klubien,Kiel Murray,Cars,2006,pixar
17,Jorgen Klubien,Phil Lorin,Cars,2006,pixar
18,Jorgen Klubien,Steve Purcell,Cars,2006,pixar
19,Jorgen Klubien,Darla K. Anderson,Cars,2006,pixar
20,Jorgen Klubien,Thomas Porter,Cars,2006,pixar
21,Dan Fogelman,Kiel Murray,Cars,2006,pixar
22,Dan Fogelman,Phil Lorin,Cars,2006,pixar
23,Dan Fogelman,Steve Purcell,Cars,2006,pixar
24,Dan Fogelman,Darla K. Anderson,Cars,2006,pixar
25,Dan Fogelman,Thomas Porter,Cars,2006,pixar
26,Kiel Murray,Phil Lorin,Cars,2006,pixar
27,Kiel Murray,Steve Purcell,Cars,2006,pixar
28,Kiel Murray,Darla K. Anderson,Cars,2006,pixar
29,Kiel Murray,Thomas Porter,Cars,2006,pixar
30,Phil Lorin,Steve Purcell,Cars,2006,pixar
31,Phil Lorin,Darla K. Anderson,Cars,2006,pixar
32,Phil Lorin,Thomas Porter,Cars,2006,pixar
33,Steve Purcell,Darla K. Anderson,Cars,2006,pixar
34,Steve Purcell,Thomas Porter,Cars,2006,pixar
35,Darla K. Anderson,Thomas Porter,Cars,2006,pixar
0,Brad Bird,Jan Pinkava,Ratat,2007,pixar
1,Brad Bird,Jim Capobianco,Ratat,2007,pixar
2,Brad Bird,Emily Cook,Ratat,2007,pixar
3,Brad Bird,Kathy Greenberg,Ratat,2007,pixar
4,Brad Bird,Bob Peterson,Ratat,2007,pixar
5,Brad Bird,John Lasseter,Ratat,2007,pixar
6,Brad Bird,Bradford Lewis,Ratat,2007,pixar
7,Brad Bird,Andrew Stanton,Ratat,2007,pixar
8,Brad Bird,Galyn Susman,Ratat,2007,pixar
9,Jan Pinkava,Jim Capobianco,Ratat,2007,pixar
10,Jan Pinkava,Emily Cook,Ratat,2007,pixar
11,Jan Pinkava,Kathy Greenberg,Ratat,2007,pixar
12,Jan Pinkava,Bob Peterson,Ratat,2007,pixar
13,Jan Pinkava,John Lasseter,Ratat,2007,pixar
14,Jan Pinkava,Bradford Lewis,Ratat,2007,pixar
15,Jan Pinkava,Andrew Stanton,Ratat,2007,pixar
16,Jan Pinkava,Galyn Susman,Ratat,2007,pixar
17,Jim Capobianco,Emily Cook,Ratat,2007,pixar
18,Jim Capobianco,Kathy Greenberg,Ratat,2007,pixar
19,Jim Capobianco,Bob Peterson,Ratat,2007,pixar
20,Jim Capobianco,John Lasseter,Ratat,2007,pixar
21,Jim Capobianco,Bradford Lewis,Ratat,2007,pixar
22,Jim Capobianco,Andrew Stanton,Ratat,2007,pixar
23,Jim Capobianco,Galyn Susman,Ratat,2007,pixar
24,Emily Cook,Kathy Greenberg,Ratat,2007,pixar
25,Emily Cook,Bob Peterson,Ratat,2007,pixar
26,Emily Cook,John Lasseter,Ratat,2007,pixar
27,Emily Cook,Bradford Lewis,Ratat,2007,pixar
28,Emily Cook,Andrew Stanton,Ratat,2007,pixar
29,Emily Cook,Galyn Susman,Ratat,2007,pixar
30,Kathy Greenberg,Bob Peterson,Ratat,2007,pixar
31,Kathy Greenberg,John Lasseter,Ratat,2007,pixar
32,Kathy Greenberg,Bradford Lewis,Ratat,2007,pixar
33,Kathy Greenberg,Andrew Stanton,Ratat,2007,pixar
34,Kathy Greenberg,Galyn Susman,Ratat,2007,pixar
35,Bob Peterson,John Lasseter,Ratat,2007,pixar
36,Bob Peterson,Bradford Lewis,Ratat,2007,pixar
37,Bob Peterson,Andrew Stanton,Ratat,2007,pixar
38,Bob Peterson,Galyn Susman,Ratat,2007,pixar
39,John Lasseter,Bradford Lewis,Ratat,2007,pixar
40,John Lasseter,Andrew Stanton,Ratat,2007,pixar
41,John Lasseter,Galyn Susman,Ratat,2007,pixar
42,Bradford Lewis,Andrew Stanton,Ratat,2007,pixar
43,Bradford Lewis,Galyn Susman,Ratat,2007,pixar
44,Andrew Stanton,Galyn Susman,Ratat,2007,pixar
0,Pete Docter,Bob Peterson,Up,2009,pixar
1,Pete Docter,Tom McCarthy,Up,2009,pixar
2,Pete Docter,John Lasseter,Up,2009,pixar
3,Pete Docter,Kori Rae,Up,2009,pixar
4,Pete Docter,Denise Ream,Up,2009,pixar
5,Pete Docter,Jonas Rivera,Up,2009,pixar
6,Pete Docter,Andrew Stanton,Up,2009,pixar
7,Bob Peterson,Tom McCarthy,Up,2009,pixar
8,Bob Peterson,John Lasseter,Up,2009,pixar
9,Bob Peterson,Kori Rae,Up,2009,pixar
10,Bob Peterson,Denise Ream,Up,2009,pixar
11,Bob Peterson,Jonas Rivera,Up,2009,pixar
12,Bob Peterson,Andrew Stanton,Up,2009,pixar
13,Tom McCarthy,John Lasseter,Up,2009,pixar
14,Tom McCarthy,Kori Rae,Up,2009,pixar
15,Tom McCarthy,Denise Ream,Up,2009,pixar
16,Tom McCarthy,Jonas Rivera,Up,2009,pixar
17,Tom McCarthy,Andrew Stanton,Up,2009,pixar
18,John Lasseter,Kori Rae,Up,2009,pixar
19,John Lasseter,Denise Ream,Up,2009,pixar
20,John Lasseter,Jonas Rivera,Up,2009,pixar
21,John Lasseter,Andrew Stanton,Up,2009,pixar
22,Kori Rae,Denise Ream,Up,2009,pixar
23,Kori Rae,Jonas Rivera,Up,2009,pixar
24,Kori Rae,Andrew Stanton,Up,2009,pixar
25,Denise Ream,Jonas Rivera,Up,2009,pixar
26,Denise Ream,Andrew Stanton,Up,2009,pixar
27,Jonas Rivera,Andrew Stanton,Up,2009,pixar
0,Andrew Stanton,Pete Docter,WallE,2008,pixar
1,Andrew Stanton,Jim Reardon,WallE,2008,pixar
2,Andrew Stanton,Lindsey Collins,WallE,2008,pixar
3,Andrew Stanton,John Lasseter,WallE,2008,pixar
4,Andrew Stanton,Gillian Libbert,WallE,2008,pixar
5,Andrew Stanton,Chris Montan,WallE,2008,pixar
6,Andrew Stanton,Jim Morris,WallE,2008,pixar
7,Andrew Stanton,Thomas Porter,WallE,2008,pixar
8,Pete Docter,Jim Reardon,WallE,2008,pixar
9,Pete Docter,Lindsey Collins,WallE,2008,pixar
10,Pete Docter,John Lasseter,WallE,2008,pixar
11,Pete Docter,Gillian Libbert,WallE,2008,pixar
12,Pete Docter,Chris Montan,WallE,2008,pixar
13,Pete Docter,Jim Morris,WallE,2008,pixar
14,Pete Docter,Thomas Porter,WallE,2008,pixar
15,Jim Reardon,Lindsey Collins,WallE,2008,pixar
16,Jim Reardon,John Lasseter,WallE,2008,pixar
17,Jim Reardon,Gillian Libbert,WallE,2008,pixar
18,Jim Reardon,Chris Montan,WallE,2008,pixar
19,Jim Reardon,Jim Morris,WallE,2008,pixar
20,Jim Reardon,Thomas Porter,WallE,2008,pixar
21,Lindsey Collins,John Lasseter,WallE,2008,pixar
22,Lindsey Collins,Gillian Libbert,WallE,2008,pixar
23,Lindsey Collins,Chris Montan,WallE,2008,pixar
24,Lindsey Collins,Jim Morris,WallE,2008,pixar
25,Lindsey Collins,Thomas Porter,WallE,2008,pixar
26,John Lasseter,Gillian Libbert,WallE,2008,pixar
27,John Lasseter,Chris Montan,WallE,2008,pixar
28,John Lasseter,Jim Morris,WallE,2008,pixar
29,John Lasseter,Thomas Porter,WallE,2008,pixar
30,Gillian Libbert,Chris Montan,WallE,2008,pixar
31,Gillian Libbert,Jim Morris,WallE,2008,pixar
32,Gillian Libbert,Thomas Porter,WallE,2008,pixar
33,Chris Montan,Jim Morris,WallE,2008,pixar
34,Chris Montan,Thomas Porter,WallE,2008,pixar
35,Jim Morris,Thomas Porter,WallE,2008,pixar
0,Lee Unkrich,John Lasseter,ToyStory3,2010,pixar
1,Lee Unkrich,Andrew Stanton,ToyStory3,2010,pixar
2,Lee Unkrich,Michael Arndt,ToyStory3,2010,pixar
3,Lee Unkrich,Darla K. Anderson,ToyStory3,2010,pixar
4,Lee Unkrich,Nicole Paradis Grindle,ToyStory3,2010,pixar
5,John Lasseter,Andrew Stanton,ToyStory3,2010,pixar
6,John Lasseter,Michael Arndt,ToyStory3,2010,pixar
7,John Lasseter,Darla K. Anderson,ToyStory3,2010,pixar
8,John Lasseter,Nicole Paradis Grindle,ToyStory3,2010,pixar
9,Andrew Stanton,Michael Arndt,ToyStory3,2010,pixar
10,Andrew Stanton,Darla K. Anderson,ToyStory3,2010,pixar
11,Andrew Stanton,Nicole Paradis Grindle,ToyStory3,2010,pixar
12,Michael Arndt,Darla K. Anderson,ToyStory3,2010,pixar
13,Michael Arndt,Nicole Paradis Grindle,ToyStory3,2010,pixar
14,Darla K. Anderson,Nicole Paradis Grindle,ToyStory3,2010,pixar
0,John Lasseter,Bradford Lewis,Cars2,2011,pixar
1,John Lasseter,Dan Fogelman,Cars2,2011,pixar
2,John Lasseter,Ben Queen,Cars2,2011,pixar
3,John Lasseter,Mark Nielsen,Cars2,2011,pixar
4,John Lasseter,Denise Ream,Cars2,2011,pixar
5,Bradford Lewis,Dan Fogelman,Cars2,2011,pixar
6,Bradford Lewis,Ben Queen,Cars2,2011,pixar
7,Bradford Lewis,Mark Nielsen,Cars2,2011,pixar
8,Bradford Lewis,Denise Ream,Cars2,2011,pixar
9,Dan Fogelman,Ben Queen,Cars2,2011,pixar
10,Dan Fogelman,Mark Nielsen,Cars2,2011,pixar
11,Dan Fogelman,Denise Ream,Cars2,2011,pixar
12,Ben Queen,Mark Nielsen,Cars2,2011,pixar
13,Ben Queen,Denise Ream,Cars2,2011,pixar
14,Mark Nielsen,Denise Ream,Cars2,2011,pixar
0,Mark Andrews,Brenda Chapman,Brave,2012,pixar
1,Mark Andrews,Steve Purcell,Brave,2012,pixar
2,Mark Andrews,Irene Mecchi,Brave,2012,pixar
3,Mark Andrews,Pete Docter,Brave,2012,pixar
4,Mark Andrews,Mary Alice Drumm,Brave,2012,pixar
5,Mark Andrews,John Lasseter,Brave,2012,pixar
6,Mark Andrews,Katherine Sarafian,Brave,2012,pixar
7,Mark Andrews,Andrew Stanton,Brave,2012,pixar
8,Brenda Chapman,Steve Purcell,Brave,2012,pixar
9,Brenda Chapman,Irene Mecchi,Brave,2012,pixar
10,Brenda Chapman,Pete Docter,Brave,2012,pixar
11,Brenda Chapman,Mary Alice Drumm,Brave,2012,pixar
12,Brenda Chapman,John Lasseter,Brave,2012,pixar
13,Brenda Chapman,Katherine Sarafian,Brave,2012,pixar
14,Brenda Chapman,Andrew Stanton,Brave,2012,pixar
15,Steve Purcell,Irene Mecchi,Brave,2012,pixar
16,Steve Purcell,Pete Docter,Brave,2012,pixar
17,Steve Purcell,Mary Alice Drumm,Brave,2012,pixar
18,Steve Purcell,John Lasseter,Brave,2012,pixar
19,Steve Purcell,Katherine Sarafian,Brave,2012,pixar
20,Steve Purcell,Andrew Stanton,Brave,2012,pixar
21,Irene Mecchi,Pete Docter,Brave,2012,pixar
22,Irene Mecchi,Mary Alice Drumm,Brave,2012,pixar
23,Irene Mecchi,John Lasseter,Brave,2012,pixar
24,Irene Mecchi,Katherine Sarafian,Brave,2012,pixar
25,Irene Mecchi,Andrew Stanton,Brave,2012,pixar
26,Pete Docter,Mary Alice Drumm,Brave,2012,pixar
27,Pete Docter,John Lasseter,Brave,2012,pixar
28,Pete Docter,Katherine Sarafian,Brave,2012,pixar
29,Pete Docter,Andrew Stanton,Brave,2012,pixar
30,Mary Alice Drumm,John Lasseter,Brave,2012,pixar
31,Mary Alice Drumm,Katherine Sarafian,Brave,2012,pixar
32,Mary Alice Drumm,Andrew Stanton,Brave,2012,pixar
33,John Lasseter,Katherine Sarafian,Brave,2012,pixar
34,John Lasseter,Andrew Stanton,Brave,2012,pixar
35,Katherine Sarafian,Andrew Stanton,Brave,2012,pixar
0,Dan Scanlon,Daniel Gerson,MonsU,2013,pixar
1,Dan Scanlon,Robert L. Baird,MonsU,2013,pixar
2,Dan Scanlon,Adrian Molina,MonsU,2013,pixar
3,Dan Scanlon,Pete Docter,MonsU,2013,pixar
4,Dan Scanlon,John Lasseter,MonsU,2013,pixar
5,Dan Scanlon,Nicole Paradis Grindle,MonsU,2013,pixar
6,Dan Scanlon,Kori Rae,MonsU,2013,pixar
7,Dan Scanlon,Andrew Stanton,MonsU,2013,pixar
8,Dan Scanlon,Lee Unkrich,MonsU,2013,pixar
9,Daniel Gerson,Robert L. Baird,MonsU,2013,pixar
10,Daniel Gerson,Adrian Molina,MonsU,2013,pixar
11,Daniel Gerson,Pete Docter,MonsU,2013,pixar
12,Daniel Gerson,John Lasseter,MonsU,2013,pixar
13,Daniel Gerson,Nicole Paradis Grindle,MonsU,2013,pixar
14,Daniel Gerson,Kori Rae,MonsU,2013,pixar
15,Daniel Gerson,Andrew Stanton,MonsU,2013,pixar
16,Daniel Gerson,Lee Unkrich,MonsU,2013,pixar
17,Robert L. Baird,Adrian Molina,MonsU,2013,pixar
18,Robert L. Baird,Pete Docter,MonsU,2013,pixar
19,Robert L. Baird,John Lasseter,MonsU,2013,pixar
20,Robert L. Baird,Nicole Paradis Grindle,MonsU,2013,pixar
21,Robert L. Baird,Kori Rae,MonsU,2013,pixar
22,Robert L. Baird,Andrew Stanton,MonsU,2013,pixar
23,Robert L. Baird,Lee Unkrich,MonsU,2013,pixar
24,Adrian Molina,Pete Docter,MonsU,2013,pixar
25,Adrian Molina,John Lasseter,MonsU,2013,pixar
26,Adrian Molina,Nicole Paradis Grindle,MonsU,2013,pixar
27,Adrian Molina,Kori Rae,MonsU,2013,pixar
28,Adrian Molina,Andrew Stanton,MonsU,2013,pixar
29,Adrian Molina,Lee Unkrich,MonsU,2013,pixar
30,Pete Docter,John Lasseter,MonsU,2013,pixar
31,Pete Docter,Nicole Paradis Grindle,MonsU,2013,pixar
32,Pete Docter,Kori Rae,MonsU,2013,pixar
33,Pete Docter,Andrew Stanton,MonsU,2013,pixar
34,Pete Docter,Lee Unkrich,MonsU,2013,pixar
35,John Lasseter,Nicole Paradis Grindle,MonsU,2013,pixar
36,John Lasseter,Kori Rae,MonsU,2013,pixar
37,John Lasseter,Andrew Stanton,MonsU,2013,pixar
38,John Lasseter,Lee Unkrich,MonsU,2013,pixar
39,Nicole Paradis Grindle,Kori Rae,MonsU,2013,pixar
40,Nicole Paradis Grindle,Andrew Stanton,MonsU,2013,pixar
41,Nicole Paradis Grindle,Lee Unkrich,MonsU,2013,pixar
42,Kori Rae,Andrew Stanton,MonsU,2013,pixar
43,Kori Rae,Lee Unkrich,MonsU,2013,pixar
44,Andrew Stanton,Lee Unkrich,MonsU,2013,pixar
0,Pete Docter,Ronnie Del Carmen,InsideOut,2015,pixar
1,Pete Docter,Meg LeFauve,InsideOut,2015,pixar
2,Pete Docter,Josh Cooley,InsideOut,2015,pixar
3,Pete Docter,Michael Arndt,InsideOut,2015,pixar
4,Pete Docter,Simon Rich,InsideOut,2015,pixar
5,Pete Docter,Bill Hader,InsideOut,2015,pixar
6,Pete Docter,Amy Poehler,InsideOut,2015,pixar
7,Pete Docter,John Lasseter,InsideOut,2015,pixar
8,Pete Docter,Mark Nielsen,InsideOut,2015,pixar
9,Pete Docter,Jonas Rivera,InsideOut,2015,pixar
10,Pete Docter,Andrew Stanton,InsideOut,2015,pixar
11,Ronnie Del Carmen,Meg LeFauve,InsideOut,2015,pixar
12,Ronnie Del Carmen,Josh Cooley,InsideOut,2015,pixar
13,Ronnie Del Carmen,Michael Arndt,InsideOut,2015,pixar
14,Ronnie Del Carmen,Simon Rich,InsideOut,2015,pixar
15,Ronnie Del Carmen,Bill Hader,InsideOut,2015,pixar
16,Ronnie Del Carmen,Amy Poehler,InsideOut,2015,pixar
17,Ronnie Del Carmen,John Lasseter,InsideOut,2015,pixar
18,Ronnie Del Carmen,Mark Nielsen,InsideOut,2015,pixar
19,Ronnie Del Carmen,Jonas Rivera,InsideOut,2015,pixar
20,Ronnie Del Carmen,Andrew Stanton,InsideOut,2015,pixar
21,Meg LeFauve,Josh Cooley,InsideOut,2015,pixar
22,Meg LeFauve,Michael Arndt,InsideOut,2015,pixar
23,Meg LeFauve,Simon Rich,InsideOut,2015,pixar
24,Meg LeFauve,Bill Hader,InsideOut,2015,pixar
25,Meg LeFauve,Amy Poehler,InsideOut,2015,pixar
26,Meg LeFauve,John Lasseter,InsideOut,2015,pixar
27,Meg LeFauve,Mark Nielsen,InsideOut,2015,pixar
28,Meg LeFauve,Jonas Rivera,InsideOut,2015,pixar
29,Meg LeFauve,Andrew Stanton,InsideOut,2015,pixar
30,Josh Cooley,Michael Arndt,InsideOut,2015,pixar
31,Josh Cooley,Simon Rich,InsideOut,2015,pixar
32,Josh Cooley,Bill Hader,InsideOut,2015,pixar
33,Josh Cooley,Amy Poehler,InsideOut,2015,pixar
34,Josh Cooley,John Lasseter,InsideOut,2015,pixar
35,Josh Cooley,Mark Nielsen,InsideOut,2015,pixar
36,Josh Cooley,Jonas Rivera,InsideOut,2015,pixar
37,Josh Cooley,Andrew Stanton,InsideOut,2015,pixar
38,Michael Arndt,Simon Rich,InsideOut,2015,pixar
39,Michael Arndt,Bill Hader,InsideOut,2015,pixar
40,Michael Arndt,Amy Poehler,InsideOut,2015,pixar
41,Michael Arndt,John Lasseter,InsideOut,2015,pixar
42,Michael Arndt,Mark Nielsen,InsideOut,2015,pixar
43,Michael Arndt,Jonas Rivera,InsideOut,2015,pixar
44,Michael Arndt,Andrew Stanton,InsideOut,2015,pixar
45,Simon Rich,Bill Hader,InsideOut,2015,pixar
46,Simon Rich,Amy Poehler,InsideOut,2015,pixar
47,Simon Rich,John Lasseter,InsideOut,2015,pixar
48,Simon Rich,Mark Nielsen,InsideOut,2015,pixar
49,Simon Rich,Jonas Rivera,InsideOut,2015,pixar
50,Simon Rich,Andrew Stanton,InsideOut,2015,pixar
51,Bill Hader,Amy Poehler,InsideOut,2015,pixar
52,Bill Hader,John Lasseter,InsideOut,2015,pixar
53,Bill Hader,Mark Nielsen,InsideOut,2015,pixar
54,Bill Hader,Jonas Rivera,InsideOut,2015,pixar
55,Bill Hader,Andrew Stanton,InsideOut,2015,pixar
56,Amy Poehler,John Lasseter,InsideOut,2015,pixar
57,Amy Poehler,Mark Nielsen,InsideOut,2015,pixar
58,Amy Poehler,Jonas Rivera,InsideOut,2015,pixar
59,Amy Poehler,Andrew Stanton,InsideOut,2015,pixar
60,John Lasseter,Mark Nielsen,InsideOut,2015,pixar
61,John Lasseter,Jonas Rivera,InsideOut,2015,pixar
62,John Lasseter,Andrew Stanton,InsideOut,2015,pixar
63,Mark Nielsen,Jonas Rivera,InsideOut,2015,pixar
64,Mark Nielsen,Andrew Stanton,InsideOut,2015,pixar
65,Jonas Rivera,Andrew Stanton,InsideOut,2015,pixar
0,Peter Sohn,Bob Peterson,GoodDino,2015,pixar
1,Peter Sohn,Erik Benson,GoodDino,2015,pixar
2,Peter Sohn,Meg LeFauve,GoodDino,2015,pixar
3,Peter Sohn,Kelsey Mann,GoodDino,2015,pixar
4,Peter Sohn,Peter Hedges,GoodDino,2015,pixar
5,Peter Sohn,Adrian Molina,GoodDino,2015,pixar
6,Peter Sohn,Mary Alice Drumm,GoodDino,2015,pixar
7,Peter Sohn,John Lasseter,GoodDino,2015,pixar
8,Peter Sohn,Denise Ream,GoodDino,2015,pixar
9,Peter Sohn,Andrew Stanton,GoodDino,2015,pixar
10,Peter Sohn,Lee Unkrich,GoodDino,2015,pixar
11,Bob Peterson,Erik Benson,GoodDino,2015,pixar
12,Bob Peterson,Meg LeFauve,GoodDino,2015,pixar
13,Bob Peterson,Kelsey Mann,GoodDino,2015,pixar
14,Bob Peterson,Peter Hedges,GoodDino,2015,pixar
15,Bob Peterson,Adrian Molina,GoodDino,2015,pixar
16,Bob Peterson,Mary Alice Drumm,GoodDino,2015,pixar
17,Bob Peterson,John Lasseter,GoodDino,2015,pixar
18,Bob Peterson,Denise Ream,GoodDino,2015,pixar
19,Bob Peterson,Andrew Stanton,GoodDino,2015,pixar
20,Bob Peterson,Lee Unkrich,GoodDino,2015,pixar
21,Erik Benson,Meg LeFauve,GoodDino,2015,pixar
22,Erik Benson,Kelsey Mann,GoodDino,2015,pixar
23,Erik Benson,Peter Hedges,GoodDino,2015,pixar
24,Erik Benson,Adrian Molina,GoodDino,2015,pixar
25,Erik Benson,Mary Alice Drumm,GoodDino,2015,pixar
26,Erik Benson,John Lasseter,GoodDino,2015,pixar
27,Erik Benson,Denise Ream,GoodDino,2015,pixar
28,Erik Benson,Andrew Stanton,GoodDino,2015,pixar
29,Erik Benson,Lee Unkrich,GoodDino,2015,pixar
30,Meg LeFauve,Kelsey Mann,GoodDino,2015,pixar
31,Meg LeFauve,Peter Hedges,GoodDino,2015,pixar
32,Meg LeFauve,Adrian Molina,GoodDino,2015,pixar
33,Meg LeFauve,Mary Alice Drumm,GoodDino,2015,pixar
34,Meg LeFauve,John Lasseter,GoodDino,2015,pixar
35,Meg LeFauve,Denise Ream,GoodDino,2015,pixar
36,Meg LeFauve,Andrew Stanton,GoodDino,2015,pixar
37,Meg LeFauve,Lee Unkrich,GoodDino,2015,pixar
38,Kelsey Mann,Peter Hedges,GoodDino,2015,pixar
39,Kelsey Mann,Adrian Molina,GoodDino,2015,pixar
40,Kelsey Mann,Mary Alice Drumm,GoodDino,2015,pixar
41,Kelsey Mann,John Lasseter,GoodDino,2015,pixar
42,Kelsey Mann,Denise Ream,GoodDino,2015,pixar
43,Kelsey Mann,Andrew Stanton,GoodDino,2015,pixar
44,Kelsey Mann,Lee Unkrich,GoodDino,2015,pixar
45,Peter Hedges,Adrian Molina,GoodDino,2015,pixar
46,Peter Hedges,Mary Alice Drumm,GoodDino,2015,pixar
47,Peter Hedges,John Lasseter,GoodDino,2015,pixar
48,Peter Hedges,Denise Ream,GoodDino,2015,pixar
49,Peter Hedges,Andrew Stanton,GoodDino,2015,pixar
50,Peter Hedges,Lee Unkrich,GoodDino,2015,pixar
51,Adrian Molina,Mary Alice Drumm,GoodDino,2015,pixar
52,Adrian Molina,John Lasseter,GoodDino,2015,pixar
53,Adrian Molina,Denise Ream,GoodDino,2015,pixar
54,Adrian Molina,Andrew Stanton,GoodDino,2015,pixar
55,Adrian Molina,Lee Unkrich,GoodDino,2015,pixar
56,Mary Alice Drumm,John Lasseter,GoodDino,2015,pixar
57,Mary Alice Drumm,Denise Ream,GoodDino,2015,pixar
58,Mary Alice Drumm,Andrew Stanton,GoodDino,2015,pixar
59,Mary Alice Drumm,Lee Unkrich,GoodDino,2015,pixar
60,John Lasseter,Denise Ream,GoodDino,2015,pixar
61,John Lasseter,Andrew Stanton,GoodDino,2015,pixar
62,John Lasseter,Lee Unkrich,GoodDino,2015,pixar
63,Denise Ream,Andrew Stanton,GoodDino,2015,pixar
64,Denise Ream,Lee Unkrich,GoodDino,2015,pixar
65,Andrew Stanton,Lee Unkrich,GoodDino,2015,pixar
0,Andrew Stanton,Angus MacLane,FindDory,2016,pixar
1,Andrew Stanton,Victoria Strouse,FindDory,2016,pixar
2,Andrew Stanton,Bob Peterson,FindDory,2016,pixar
3,Andrew Stanton,Lindsey Collins,FindDory,2016,pixar
4,Andrew Stanton,John Lasseter,FindDory,2016,pixar
5,Andrew Stanton,Bob Roath,FindDory,2016,pixar
6,Angus MacLane,Victoria Strouse,FindDory,2016,pixar
7,Angus MacLane,Bob Peterson,FindDory,2016,pixar
8,Angus MacLane,Lindsey Collins,FindDory,2016,pixar
9,Angus MacLane,John Lasseter,FindDory,2016,pixar
10,Angus MacLane,Bob Roath,FindDory,2016,pixar
11,Victoria Strouse,Bob Peterson,FindDory,2016,pixar
12,Victoria Strouse,Lindsey Collins,FindDory,2016,pixar
13,Victoria Strouse,John Lasseter,FindDory,2016,pixar
14,Victoria Strouse,Bob Roath,FindDory,2016,pixar
15,Bob Peterson,Lindsey Collins,FindDory,2016,pixar
16,Bob Peterson,John Lasseter,FindDory,2016,pixar
17,Bob Peterson,Bob Roath,FindDory,2016,pixar
18,Lindsey Collins,John Lasseter,FindDory,2016,pixar
19,Lindsey Collins,Bob Roath,FindDory,2016,pixar
20,John Lasseter,Bob Roath,FindDory,2016,pixar
0,Brian Fee,Ben Queen,Cars3,2017,pixar
1,Brian Fee,Eyal Podell,Cars3,2017,pixar
2,Brian Fee,Jonathon E. Stewart,Cars3,2017,pixar
3,Brian Fee,Kiel Murray,Cars3,2017,pixar
4,Brian Fee,Bob Peterson,Cars3,2017,pixar
5,Brian Fee,Mike Rich,Cars3,2017,pixar
6,Brian Fee,Scott Morse,Cars3,2017,pixar
7,Brian Fee,John Lasseter,Cars3,2017,pixar
8,Brian Fee,Kevin Reher,Cars3,2017,pixar
9,Brian Fee,Andrea Warren,Cars3,2017,pixar
10,Ben Queen,Eyal Podell,Cars3,2017,pixar
11,Ben Queen,Jonathon E. Stewart,Cars3,2017,pixar
12,Ben Queen,Kiel Murray,Cars3,2017,pixar
13,Ben Queen,Bob Peterson,Cars3,2017,pixar
14,Ben Queen,Mike Rich,Cars3,2017,pixar
15,Ben Queen,Scott Morse,Cars3,2017,pixar
16,Ben Queen,John Lasseter,Cars3,2017,pixar
17,Ben Queen,Kevin Reher,Cars3,2017,pixar
18,Ben Queen,Andrea Warren,Cars3,2017,pixar
19,Eyal Podell,Jonathon E. Stewart,Cars3,2017,pixar
20,Eyal Podell,Kiel Murray,Cars3,2017,pixar
21,Eyal Podell,Bob Peterson,Cars3,2017,pixar
22,Eyal Podell,Mike Rich,Cars3,2017,pixar
23,Eyal Podell,Scott Morse,Cars3,2017,pixar
24,Eyal Podell,John Lasseter,Cars3,2017,pixar
25,Eyal Podell,Kevin Reher,Cars3,2017,pixar
26,Eyal Podell,Andrea Warren,Cars3,2017,pixar
27,Jonathon E. Stewart,Kiel Murray,Cars3,2017,pixar
28,Jonathon E. Stewart,Bob Peterson,Cars3,2017,pixar
29,Jonathon E. Stewart,Mike Rich,Cars3,2017,pixar
30,Jonathon E. Stewart,Scott Morse,Cars3,2017,pixar
31,Jonathon E. Stewart,John Lasseter,Cars3,2017,pixar
32,Jonathon E. Stewart,Kevin Reher,Cars3,2017,pixar
33,Jonathon E. Stewart,Andrea Warren,Cars3,2017,pixar
34,Kiel Murray,Bob Peterson,Cars3,2017,pixar
35,Kiel Murray,Mike Rich,Cars3,2017,pixar
36,Kiel Murray,Scott Morse,Cars3,2017,pixar
37,Kiel Murray,John Lasseter,Cars3,2017,pixar
38,Kiel Murray,Kevin Reher,Cars3,2017,pixar
39,Kiel Murray,Andrea Warren,Cars3,2017,pixar
40,Bob Peterson,Mike Rich,Cars3,2017,pixar
41,Bob Peterson,Scott Morse,Cars3,2017,pixar
42,Bob Peterson,John Lasseter,Cars3,2017,pixar
43,Bob Peterson,Kevin Reher,Cars3,2017,pixar
44,Bob Peterson,Andrea Warren,Cars3,2017,pixar
45,Mike Rich,Scott Morse,Cars3,2017,pixar
46,Mike Rich,John Lasseter,Cars3,2017,pixar
47,Mike Rich,Kevin Reher,Cars3,2017,pixar
48,Mike Rich,Andrea Warren,Cars3,2017,pixar
49,Scott Morse,John Lasseter,Cars3,2017,pixar
50,Scott Morse,Kevin Reher,Cars3,2017,pixar
51,Scott Morse,Andrea Warren,Cars3,2017,pixar
52,John Lasseter,Kevin Reher,Cars3,2017,pixar
53,John Lasseter,Andrea Warren,Cars3,2017,pixar
54,Kevin Reher,Andrea Warren,Cars3,2017,pixar
0,Lee Unkrich,Adrian Molina,CoCo,2017,pixar
1,Lee Unkrich,Jason Katz,CoCo,2017,pixar
2,Lee Unkrich,Matthew Aldrich,CoCo,2017,pixar
3,Lee Unkrich,Darla K. Anderson,CoCo,2017,pixar
4,Lee Unkrich,Mary Alice Drumm,CoCo,2017,pixar
5,Lee Unkrich,John Lasseter,CoCo,2017,pixar
6,Adrian Molina,Jason Katz,CoCo,2017,pixar
7,Adrian Molina,Matthew Aldrich,CoCo,2017,pixar
8,Adrian Molina,Darla K. Anderson,CoCo,2017,pixar
9,Adrian Molina,Mary Alice Drumm,CoCo,2017,pixar
10,Adrian Molina,John Lasseter,CoCo,2017,pixar
11,Jason Katz,Matthew Aldrich,CoCo,2017,pixar
12,Jason Katz,Darla K. Anderson,CoCo,2017,pixar
13,Jason Katz,Mary Alice Drumm,CoCo,2017,pixar
14,Jason Katz,John Lasseter,CoCo,2017,pixar
15,Matthew Aldrich,Darla K. Anderson,CoCo,2017,pixar
16,Matthew Aldrich,Mary Alice Drumm,CoCo,2017,pixar
17,Matthew Aldrich,John Lasseter,CoCo,2017,pixar
18,Darla K. Anderson,Mary Alice Drumm,CoCo,2017,pixar
19,Darla K. Anderson,John Lasseter,CoCo,2017,pixar
20,Mary Alice Drumm,John Lasseter,CoCo,2017,pixar
0,Brad Bird,John Lasseter,Incred2,2018,pixar
1,Brad Bird,Nicole Paradis Grindle,Incred2,2018,pixar
2,Brad Bird,John Walker,Incred2,2018,pixar
3,John Lasseter,Nicole Paradis Grindle,Incred2,2018,pixar
4,John Lasseter,John Walker,Incred2,2018,pixar
5,Nicole Paradis Grindle,John Walker,Incred2,2018,pixar
0,Josh Cooley,John Lasseter,ToyStory4,2019,pixar
1,Josh Cooley,Andrew Stanton,ToyStory4,2019,pixar
2,Josh Cooley,Valerie LaPointe,ToyStory4,2019,pixar
3,Josh Cooley,Rashida Jones,ToyStory4,2019,pixar
4,Josh Cooley,Will McCormack,ToyStory4,2019,pixar
5,Josh Cooley,Martin Hynes,ToyStory4,2019,pixar
6,Josh Cooley,Stephany Folsom,ToyStory4,2019,pixar
7,Josh Cooley,Pete Docter,ToyStory4,2019,pixar
8,Josh Cooley,Mark Nielsen,ToyStory4,2019,pixar
9,Josh Cooley,Jonas Rivera,ToyStory4,2019,pixar
10,Josh Cooley,Lee Unkrich,ToyStory4,2019,pixar
11,John Lasseter,Andrew Stanton,ToyStory4,2019,pixar
12,John Lasseter,Valerie LaPointe,ToyStory4,2019,pixar
13,John Lasseter,Rashida Jones,ToyStory4,2019,pixar
14,John Lasseter,Will McCormack,ToyStory4,2019,pixar
15,John Lasseter,Martin Hynes,ToyStory4,2019,pixar
16,John Lasseter,Stephany Folsom,ToyStory4,2019,pixar
17,John Lasseter,Pete Docter,ToyStory4,2019,pixar
18,John Lasseter,Mark Nielsen,ToyStory4,2019,pixar
19,John Lasseter,Jonas Rivera,ToyStory4,2019,pixar
20,John Lasseter,Lee Unkrich,ToyStory4,2019,pixar
21,Andrew Stanton,Valerie LaPointe,ToyStory4,2019,pixar
22,Andrew Stanton,Rashida Jones,ToyStory4,2019,pixar
23,Andrew Stanton,Will McCormack,ToyStory4,2019,pixar
24,Andrew Stanton,Martin Hynes,ToyStory4,2019,pixar
25,Andrew Stanton,Stephany Folsom,ToyStory4,2019,pixar
26,Andrew Stanton,Pete Docter,ToyStory4,2019,pixar
27,Andrew Stanton,Mark Nielsen,ToyStory4,2019,pixar
28,Andrew Stanton,Jonas Rivera,ToyStory4,2019,pixar
29,Andrew Stanton,Lee Unkrich,ToyStory4,2019,pixar
30,Valerie LaPointe,Rashida Jones,ToyStory4,2019,pixar
31,Valerie LaPointe,Will McCormack,ToyStory4,2019,pixar
32,Valerie LaPointe,Martin Hynes,ToyStory4,2019,pixar
33,Valerie LaPointe,Stephany Folsom,ToyStory4,2019,pixar
34,Valerie LaPointe,Pete Docter,ToyStory4,2019,pixar
35,Valerie LaPointe,Mark Nielsen,ToyStory4,2019,pixar
36,Valerie LaPointe,Jonas Rivera,ToyStory4,2019,pixar
37,Valerie LaPointe,Lee Unkrich,ToyStory4,2019,pixar
38,Rashida Jones,Will McCormack,ToyStory4,2019,pixar
39,Rashida Jones,Martin Hynes,ToyStory4,2019,pixar
40,Rashida Jones,Stephany Folsom,ToyStory4,2019,pixar
41,Rashida Jones,Pete Docter,ToyStory4,2019,pixar
42,Rashida Jones,Mark Nielsen,ToyStory4,2019,pixar
43,Rashida Jones,Jonas Rivera,ToyStory4,2019,pixar
44,Rashida Jones,Lee Unkrich,ToyStory4,2019,pixar
45,Will McCormack,Martin Hynes,ToyStory4,2019,pixar
46,Will McCormack,Stephany Folsom,ToyStory4,2019,pixar
47,Will McCormack,Pete Docter,ToyStory4,2019,pixar
48,Will McCormack,Mark Nielsen,ToyStory4,2019,pixar
49,Will McCormack,Jonas Rivera,ToyStory4,2019,pixar
50,Will McCormack,Lee Unkrich,ToyStory4,2019,pixar
51,Martin Hynes,Stephany Folsom,ToyStory4,2019,pixar
52,Martin Hynes,Pete Docter,ToyStory4,2019,pixar
53,Martin Hynes,Mark Nielsen,ToyStory4,2019,pixar
54,Martin Hynes,Jonas Rivera,ToyStory4,2019,pixar
55,Martin Hynes,Lee Unkrich,ToyStory4,2019,pixar
56,Stephany Folsom,Pete Docter,ToyStory4,2019,pixar
57,Stephany Folsom,Mark Nielsen,ToyStory4,2019,pixar
58,Stephany Folsom,Jonas Rivera,ToyStory4,2019,pixar
59,Stephany Folsom,Lee Unkrich,ToyStory4,2019,pixar
60,Pete Docter,Mark Nielsen,ToyStory4,2019,pixar
61,Pete Docter,Jonas Rivera,ToyStory4,2019,pixar
62,Pete Docter,Lee Unkrich,ToyStory4,2019,pixar
63,Mark Nielsen,Jonas Rivera,ToyStory4,2019,pixar
64,Mark Nielsen,Lee Unkrich,ToyStory4,2019,pixar
65,Jonas Rivera,Lee Unkrich,ToyStory4,2019,pixar
